time,ego_x,ego_y,ego_z,traffic_light_x,traffic_light_y,traffic_light_z,traffic_light_status
0,334.8004150390625,-164.6735076904297,0.2941999733448028,331.9900207519531,184.47003173828125,0.1032421886920929,3
1,334.8003845214844,-164.67333984375,0.127226710319519,331.9900207519531,184.47003173828125,0.1032421886920929,3
2,334.8003845214844,-164.67279052734375,0.1019685715436935,331.9900207519531,184.47003173828125,0.1032421886920929,3
3,334.8002319335937,-164.67642211914062,0.112467460334301,331.9900207519531,184.47003173828125,0.1032421886920929,3
4,334.8005676269531,-164.6981658935547,0.124602735042572,331.9900207519531,184.47003173828125,0.1032421886920929,3
5,334.7995300292969,-164.73855590820312,0.1325565725564956,331.9900207519531,184.47003173828125,0.1032421886920929,3
6,334.7953491210937,-164.7955780029297,0.1369484364986419,331.9900207519531,184.47003173828125,0.1032421886920929,3
7,334.7958374023437,-164.87191772460938,0.1391454637050628,331.9900207519531,184.47003173828125,0.1032421886920929,3
8,334.7988586425781,-164.96449279785156,0.1402099132537841,331.9900207519531,184.47003173828125,0.1032421886920929,3
9,334.8005676269531,-165.0731964111328,0.140715479850769,331.9900207519531,184.47003173828125,0.1032421886920929,3
10,334.7976379394531,-165.196044921875,0.1409536749124527,331.9900207519531,184.47003173828125,0.1032421886920929,3
11,334.7865905761719,-165.32940673828125,0.1410884857177734,331.9900207519531,184.47003173828125,0.1032421886920929,3
12,334.7826538085937,-165.47596740722656,0.1411339491605758,331.9900207519531,184.47003173828125,0.1032421886920929,3
13,334.7861633300781,-165.63671875,0.141142651438713,331.9900207519531,184.47003173828125,0.1032421886920929,3
14,334.7878112792969,-165.8108367919922,0.1411521881818771,331.9900207519531,184.47003173828125,0.1032421886920929,3
15,334.7896423339844,-165.99832153320312,0.1411562263965606,331.9900207519531,184.47003173828125,0.1032421886920929,3
16,334.7917175292969,-166.19906616210938,0.1411583721637725,331.9900207519531,184.47003173828125,0.1032421886920929,3
17,334.7941589355469,-166.41287231445312,0.1411610692739486,331.9900207519531,184.47003173828125,0.1032421886920929,3
18,334.7970275878906,-166.63929748535156,0.1411650031805038,331.9900207519531,184.47003173828125,0.1032421886920929,3
19,334.8005065917969,-166.8778839111328,0.1411700397729873,331.9900207519531,184.47003173828125,0.1032421886920929,3
20,334.7951354980469,-167.12782287597656,0.1411783248186111,331.9900207519531,184.47003173828125,0.1032421886920929,3
21,334.7740173339844,-167.38693237304688,0.1411976665258407,331.9900207519531,184.47003173828125,0.1032421886920929,3
22,334.7623291015625,-167.6558380126953,0.141208991408348,331.9900207519531,184.47003173828125,0.1032421886920929,3
23,334.7655334472656,-167.9320068359375,0.1412197798490524,331.9900207519531,184.47003173828125,0.1032421886920929,3
24,334.7660827636719,-168.21836853027344,0.1412124186754226,331.9900207519531,184.47003173828125,0.1032421886920929,3
25,334.76715087890625,-168.51605224609375,0.1412008255720138,331.9900207519531,184.47003173828125,0.1032421886920929,3
26,334.7691345214844,-168.82595825195312,0.141188696026802,331.9900207519531,184.47003173828125,0.1032421886920929,3
27,334.7721862792969,-169.1487274169922,0.1411771029233932,331.9900207519531,184.47003173828125,0.1032421886920929,3
28,334.7763671875,-169.485107421875,0.1411658823490142,331.9900207519531,184.47003173828125,0.1032421886920929,3
29,334.78173828125,-169.8358154296875,0.1411549299955368,331.9900207519531,184.47003173828125,0.1032421886920929,3
30,334.78863525390625,-170.2015380859375,0.1411439478397369,331.9900207519531,184.47003173828125,0.1032421886920929,3
31,334.7970886230469,-170.58302307128906,0.1411329209804535,331.9900207519531,184.47003173828125,0.1032421886920929,3
32,334.7933654785156,-170.98060607910156,0.1411261409521103,331.9900207519531,184.47003173828125,0.1032421886920929,3
33,334.76470947265625,-171.39202880859375,0.1411377340555191,331.9900207519531,184.47003173828125,0.1032421886920929,3
34,334.744140625,-171.81997680664062,0.1411255300045013,331.9900207519531,184.47003173828125,0.1032421886920929,3
35,334.7720642089844,-172.26116943359375,0.1411386132240295,331.9900207519531,184.47003173828125,0.1032421886920929,3
36,334.79791259765625,-172.72091674804688,0.1411107182502746,331.9900207519531,184.47003173828125,0.1032421886920929,3
37,334.7974548339844,-173.1981201171875,0.1411098390817642,331.9900207519531,184.47003173828125,0.1032421886920929,3
38,334.7667541503906,-173.68812561035156,0.1411371976137161,331.9900207519531,184.47003173828125,0.1032421886920929,3
39,334.7063903808594,-174.18955993652344,0.1414178758859634,331.9900207519531,184.47003173828125,0.1032421886920929,3
40,334.6566467285156,-174.69602966308594,0.1415773779153823,331.9900207519531,184.47003173828125,0.1032421886920929,3
41,334.63507080078125,-175.2028350830078,0.1415246576070785,331.9900207519531,184.47003173828125,0.1032421886920929,3
42,334.62213134765625,-175.70635986328125,0.1415788233280182,331.9900207519531,184.47003173828125,0.1032421886920929,3
43,334.6144714355469,-176.2262420654297,0.1414339393377304,331.9900207519531,184.47003173828125,0.1032421886920929,3
44,334.61041259765625,-176.74435424804688,0.1415053904056549,331.9900207519531,184.47003173828125,0.1032421886920929,3
45,334.60992431640625,-177.258544921875,0.1415319442749023,331.9900207519531,184.47003173828125,0.1032421886920929,3
46,334.6131591796875,-177.7724151611328,0.1415249556303024,331.9900207519531,184.47003173828125,0.1032421886920929,3
47,334.6199951171875,-178.28868103027344,0.1415048241615295,331.9900207519531,184.47003173828125,0.1032421886920929,3
48,334.62994384765625,-178.80917358398438,0.1414823830127716,331.9900207519531,184.47003173828125,0.1032421886920929,2
49,334.6431884765625,-179.3321990966797,0.141494408249855,331.9900207519531,184.47003173828125,0.1032421886920929,2
50,334.6593933105469,-179.8469696044922,0.1415703147649765,331.9900207519531,184.47003173828125,0.1032421886920929,2
51,334.6787414550781,-180.35194396972656,0.1415417045354843,331.9900207519531,184.47003173828125,0.1032421886920929,2
52,334.6979675292969,-180.7967987060547,0.1418420374393463,331.9900207519531,184.47003173828125,0.1032421886920929,2
53,334.7113647460937,-181.0995330810547,0.1424655467271804,331.9900207519531,184.47003173828125,0.1032421886920929,2
54,334.71844482421875,-181.2575225830078,0.1429712623357772,331.9900207519531,184.47003173828125,0.1032421886920929,2
55,334.7191772460937,-181.27755737304688,0.1430891007184982,331.9900207519531,184.47003173828125,0.1032421886920929,2
56,334.7192077636719,-181.27813720703125,0.142449140548706,331.9900207519531,184.47003173828125,0.1032421886920929,2
57,334.71923828125,-181.2785186767578,0.1419807374477386,331.9900207519531,184.47003173828125,0.1032421886920929,2
58,334.71923828125,-181.27874755859372,0.1417062729597091,331.9900207519531,184.47003173828125,0.1032421886920929,2
59,334.71929931640625,-181.27891540527344,0.1415513604879379,331.9900207519531,184.47003173828125,0.1032421886920929,2
60,334.71929931640625,-181.27902221679688,0.141464501619339,331.9900207519531,184.47003173828125,0.1032421886920929,2
61,334.71929931640625,-181.279052734375,0.1414313912391662,331.9900207519531,184.47003173828125,0.1032421886920929,2
62,334.71929931640625,-181.2790985107422,0.1413994133472442,331.9900207519531,184.47003173828125,0.1032421886920929,2
63,334.71929931640625,-181.2791290283203,0.1413798928260803,331.9900207519531,184.47003173828125,0.1032421886920929,2
64,334.71929931640625,-181.2791290283203,0.1413688659667968,331.9900207519531,184.47003173828125,0.1032421886920929,2
65,334.71929931640625,-181.2791290283203,0.1413644701242447,331.9900207519531,184.47003173828125,0.1032421886920929,2
66,334.71929931640625,-181.27915954589844,0.1413606256246566,331.9900207519531,184.47003173828125,0.1032421886920929,2
67,334.71929931640625,-181.27915954589844,0.1413581371307373,331.9900207519531,184.47003173828125,0.1032421886920929,2
68,334.71929931640625,-181.27915954589844,0.141356810927391,331.9900207519531,184.47003173828125,0.1032421886920929,2
69,334.71929931640625,-181.27915954589844,0.141356810927391,331.9900207519531,184.47003173828125,0.1032421886920929,2
70,334.71929931640625,-181.27915954589844,0.1413557082414627,331.9900207519531,184.47003173828125,0.1032421886920929,2
71,334.71929931640625,-181.27915954589844,0.1413557082414627,331.9900207519531,184.47003173828125,0.1032421886920929,2
72,334.71929931640625,-181.27915954589844,0.1413557082414627,331.9900207519531,184.47003173828125,0.1032421886920929,2
73,334.71929931640625,-181.27915954589844,0.1413557082414627,331.9900207519531,184.47003173828125,0.1032421886920929,2
74,334.71929931640625,-181.27915954589844,0.1413557082414627,331.9900207519531,184.47003173828125,0.1032421886920929,2
75,334.71929931640625,-181.27915954589844,0.1413557082414627,331.9900207519531,184.47003173828125,0.1032421886920929,2
76,334.71929931640625,-181.27915954589844,0.1413557082414627,331.9900207519531,184.47003173828125,0.1032421886920929,2
77,334.71929931640625,-181.27915954589844,0.1413557082414627,331.9900207519531,184.47003173828125,0.1032421886920929,2
78,334.71929931640625,-181.27915954589844,0.1413557082414627,331.9900207519531,184.47003173828125,0.1032421886920929,2
79,334.71929931640625,-181.27915954589844,0.1413557082414627,331.9900207519531,184.47003173828125,0.1032421886920929,1
80,334.71929931640625,-181.27915954589844,0.1413557082414627,331.9900207519531,184.47003173828125,0.1032421886920929,1
81,334.71929931640625,-181.27915954589844,0.1413557082414627,331.9900207519531,184.47003173828125,0.1032421886920929,1
82,334.71929931640625,-181.27915954589844,0.1413557082414627,331.9900207519531,184.47003173828125,0.1032421886920929,1
83,334.71929931640625,-181.27915954589844,0.1413557082414627,331.9900207519531,184.47003173828125,0.1032421886920929,1
84,334.71929931640625,-181.27915954589844,0.1413557082414627,331.9900207519531,184.47003173828125,0.1032421886920929,1
85,334.71929931640625,-181.27915954589844,0.1413557082414627,331.9900207519531,184.47003173828125,0.1032421886920929,1
86,334.71929931640625,-181.27915954589844,0.1413557082414627,331.9900207519531,184.47003173828125,0.1032421886920929,1
87,334.71929931640625,-181.27915954589844,0.1413557082414627,331.9900207519531,184.47003173828125,0.1032421886920929,1
88,334.71929931640625,-181.27915954589844,0.1413557082414627,331.9900207519531,184.47003173828125,0.1032421886920929,1
89,334.71929931640625,-181.27915954589844,0.1413557082414627,331.9900207519531,184.47003173828125,0.1032421886920929,1
90,334.71929931640625,-181.27915954589844,0.1413557082414627,331.9900207519531,184.47003173828125,0.1032421886920929,1
91,334.71929931640625,-181.27915954589844,0.1413557082414627,331.9900207519531,184.47003173828125,0.1032421886920929,1
92,334.71929931640625,-181.27915954589844,0.1413557082414627,331.9900207519531,184.47003173828125,0.1032421886920929,1
93,334.71929931640625,-181.27915954589844,0.1413557082414627,331.9900207519531,184.47003173828125,0.1032421886920929,1
94,334.71929931640625,-181.27915954589844,0.1413557082414627,331.9900207519531,184.47003173828125,0.1032421886920929,1
95,334.71929931640625,-181.27915954589844,0.1413557082414627,331.9900207519531,184.47003173828125,0.1032421886920929,1
96,334.71929931640625,-181.27915954589844,0.1413557082414627,331.9900207519531,184.47003173828125,0.1032421886920929,1
97,334.71929931640625,-181.27915954589844,0.1413557082414627,331.9900207519531,184.47003173828125,0.1032421886920929,1
98,334.71929931640625,-181.27915954589844,0.1413557082414627,331.9900207519531,184.47003173828125,0.1032421886920929,1
99,334.71929931640625,-181.27915954589844,0.1413557082414627,331.9900207519531,184.47003173828125,0.1032421886920929,1
100,334.71929931640625,-181.27915954589844,0.1413557082414627,331.9900207519531,184.47003173828125,0.1032421886920929,1
101,334.71929931640625,-181.27915954589844,0.1413557082414627,331.9900207519531,184.47003173828125,0.1032421886920929,1
102,334.71929931640625,-181.27915954589844,0.1413557082414627,331.9900207519531,184.47003173828125,0.1032421886920929,1
103,334.71929931640625,-181.27915954589844,0.1413557082414627,331.9900207519531,184.47003173828125,0.1032421886920929,1
104,334.71929931640625,-181.27915954589844,0.1413557082414627,331.9900207519531,184.47003173828125,0.1032421886920929,1
105,334.71929931640625,-181.27915954589844,0.1413557082414627,331.9900207519531,184.47003173828125,0.1032421886920929,1
106,334.71929931640625,-181.27915954589844,0.1413557082414627,331.9900207519531,184.47003173828125,0.1032421886920929,1
107,334.71929931640625,-181.27915954589844,0.1413557082414627,331.9900207519531,184.47003173828125,0.1032421886920929,1
108,334.71929931640625,-181.27915954589844,0.1413557082414627,331.9900207519531,184.47003173828125,0.1032421886920929,1
109,334.71929931640625,-181.27915954589844,0.1413557082414627,331.9900207519531,184.47003173828125,0.1032421886920929,1
110,334.71929931640625,-181.27915954589844,0.1413557082414627,331.9900207519531,184.47003173828125,0.1032421886920929,1
111,334.71929931640625,-181.27915954589844,0.1413557082414627,331.9900207519531,184.47003173828125,0.1032421886920929,1
112,334.71929931640625,-181.27915954589844,0.1413557082414627,331.9900207519531,184.47003173828125,0.1032421886920929,1
113,334.71929931640625,-181.27915954589844,0.1413557082414627,331.9900207519531,184.47003173828125,0.1032421886920929,1
114,334.71929931640625,-181.27915954589844,0.1413557082414627,331.9900207519531,184.47003173828125,0.1032421886920929,1
115,334.71929931640625,-181.27915954589844,0.1413557082414627,331.9900207519531,184.47003173828125,0.1032421886920929,1
116,334.71929931640625,-181.27915954589844,0.1413557082414627,331.9900207519531,184.47003173828125,0.1032421886920929,1
117,334.71929931640625,-181.27915954589844,0.1413557082414627,331.9900207519531,184.47003173828125,0.1032421886920929,1
118,334.71929931640625,-181.27915954589844,0.1413557082414627,331.9900207519531,184.47003173828125,0.1032421886920929,1
119,334.71929931640625,-181.27915954589844,0.1413557082414627,331.9900207519531,184.47003173828125,0.1032421886920929,1
120,334.71929931640625,-181.27915954589844,0.1413557082414627,331.9900207519531,184.47003173828125,0.1032421886920929,1
121,334.71929931640625,-181.27915954589844,0.1413557082414627,331.9900207519531,184.47003173828125,0.1032421886920929,1
122,334.71929931640625,-181.27915954589844,0.1413557082414627,331.9900207519531,184.47003173828125,0.1032421886920929,1
123,334.71929931640625,-181.27915954589844,0.1413557082414627,331.9900207519531,184.47003173828125,0.1032421886920929,1
124,334.71929931640625,-181.27915954589844,0.1413557082414627,331.9900207519531,184.47003173828125,0.1032421886920929,1
125,334.71929931640625,-181.27915954589844,0.1413557082414627,331.9900207519531,184.47003173828125,0.1032421886920929,1
126,334.71929931640625,-181.27915954589844,0.1413557082414627,331.9900207519531,184.47003173828125,0.1032421886920929,1
127,334.71929931640625,-181.27915954589844,0.1413557082414627,331.9900207519531,184.47003173828125,0.1032421886920929,1
128,334.71929931640625,-181.27915954589844,0.1413557082414627,331.9900207519531,184.47003173828125,0.1032421886920929,1
129,334.71929931640625,-181.27915954589844,0.1413557082414627,331.9900207519531,184.47003173828125,0.1032421886920929,1
130,334.71929931640625,-181.27915954589844,0.1413557082414627,331.9900207519531,184.47003173828125,0.1032421886920929,1
131,334.71929931640625,-181.27915954589844,0.1413557082414627,331.9900207519531,184.47003173828125,0.1032421886920929,1
132,334.71929931640625,-181.27915954589844,0.1413557082414627,331.9900207519531,184.47003173828125,0.1032421886920929,1
133,334.71929931640625,-181.27915954589844,0.1413557082414627,331.9900207519531,184.47003173828125,0.1032421886920929,1
134,334.71929931640625,-181.27915954589844,0.1413557082414627,331.9900207519531,184.47003173828125,0.1032421886920929,1
135,334.71929931640625,-181.27915954589844,0.1413557082414627,331.9900207519531,184.47003173828125,0.1032421886920929,1
136,334.71929931640625,-181.27915954589844,0.1413557082414627,331.9900207519531,184.47003173828125,0.1032421886920929,1
137,334.71929931640625,-181.27915954589844,0.1413557082414627,331.9900207519531,184.47003173828125,0.1032421886920929,1
138,334.71929931640625,-181.27915954589844,0.1413557082414627,331.9900207519531,184.47003173828125,0.1032421886920929,1
139,334.71929931640625,-181.27915954589844,0.1413557082414627,331.9900207519531,184.47003173828125,0.1032421886920929,1
140,334.71929931640625,-181.27915954589844,0.1413557082414627,331.9900207519531,184.47003173828125,0.1032421886920929,1
141,334.71929931640625,-181.27915954589844,0.1413557082414627,331.9900207519531,184.47003173828125,0.1032421886920929,1
142,334.71929931640625,-181.27915954589844,0.1413557082414627,331.9900207519531,184.47003173828125,0.1032421886920929,1
143,334.71929931640625,-181.27915954589844,0.1413557082414627,331.9900207519531,184.47003173828125,0.1032421886920929,1
144,334.71929931640625,-181.27915954589844,0.1413557082414627,331.9900207519531,184.47003173828125,0.1032421886920929,1
145,334.71929931640625,-181.27915954589844,0.1413557082414627,331.9900207519531,184.47003173828125,0.1032421886920929,1
146,334.71929931640625,-181.27915954589844,0.1413557082414627,331.9900207519531,184.47003173828125,0.1032421886920929,1
147,334.71929931640625,-181.27915954589844,0.1413557082414627,331.9900207519531,184.47003173828125,0.1032421886920929,1
148,334.71929931640625,-181.27915954589844,0.1413557082414627,331.9900207519531,184.47003173828125,0.1032421886920929,1
149,334.71929931640625,-181.27915954589844,0.1413557082414627,331.9900207519531,184.47003173828125,0.1032421886920929,1
150,334.71929931640625,-181.27915954589844,0.1413557082414627,331.9900207519531,184.47003173828125,0.1032421886920929,1
151,334.71929931640625,-181.27915954589844,0.1413557082414627,331.9900207519531,184.47003173828125,0.1032421886920929,1
152,334.71929931640625,-181.27915954589844,0.1413557082414627,331.9900207519531,184.47003173828125,0.1032421886920929,1
153,334.71929931640625,-181.27915954589844,0.1413557082414627,331.9900207519531,184.47003173828125,0.1032421886920929,1
154,334.71929931640625,-181.27915954589844,0.1413557082414627,331.9900207519531,184.47003173828125,0.1032421886920929,1
155,334.71929931640625,-181.27915954589844,0.1413557082414627,331.9900207519531,184.47003173828125,0.1032421886920929,1
156,334.71929931640625,-181.27915954589844,0.1413557082414627,331.9900207519531,184.47003173828125,0.1032421886920929,1
157,334.71929931640625,-181.27915954589844,0.1413557082414627,331.9900207519531,184.47003173828125,0.1032421886920929,1
158,334.71929931640625,-181.27915954589844,0.1413557082414627,331.9900207519531,184.47003173828125,0.1032421886920929,1
159,334.71929931640625,-181.27915954589844,0.1413557082414627,331.9900207519531,184.47003173828125,0.1032421886920929,1
160,334.71929931640625,-181.27915954589844,0.1413557082414627,331.9900207519531,184.47003173828125,0.1032421886920929,1
161,334.71929931640625,-181.27915954589844,0.1413557082414627,331.9900207519531,184.47003173828125,0.1032421886920929,1
162,334.71929931640625,-181.27915954589844,0.1413557082414627,331.9900207519531,184.47003173828125,0.1032421886920929,1
163,334.71929931640625,-181.27915954589844,0.1413557082414627,331.9900207519531,184.47003173828125,0.1032421886920929,1
164,334.71929931640625,-181.27915954589844,0.1413557082414627,331.9900207519531,184.47003173828125,0.1032421886920929,1
165,334.71929931640625,-181.27915954589844,0.1413557082414627,331.9900207519531,184.47003173828125,0.1032421886920929,1
166,334.71929931640625,-181.27915954589844,0.1413557082414627,331.9900207519531,184.47003173828125,0.1032421886920929,1
167,334.71929931640625,-181.27915954589844,0.1413557082414627,331.9900207519531,184.47003173828125,0.1032421886920929,1
168,334.71929931640625,-181.27915954589844,0.1413557082414627,331.9900207519531,184.47003173828125,0.1032421886920929,1
169,334.71929931640625,-181.27915954589844,0.1413557082414627,331.9900207519531,184.47003173828125,0.1032421886920929,1
170,334.71929931640625,-181.27915954589844,0.1413557082414627,331.9900207519531,184.47003173828125,0.1032421886920929,1
171,334.71929931640625,-181.27915954589844,0.1413557082414627,331.9900207519531,184.47003173828125,0.1032421886920929,1
172,334.71929931640625,-181.27915954589844,0.1413557082414627,331.9900207519531,184.47003173828125,0.1032421886920929,1
173,334.71929931640625,-181.27915954589844,0.1413557082414627,331.9900207519531,184.47003173828125,0.1032421886920929,1
174,334.71929931640625,-181.27915954589844,0.1413557082414627,331.9900207519531,184.47003173828125,0.1032421886920929,1
175,334.71929931640625,-181.27915954589844,0.1413557082414627,331.9900207519531,184.47003173828125,0.1032421886920929,1
176,334.71929931640625,-181.27915954589844,0.1413557082414627,331.9900207519531,184.47003173828125,0.1032421886920929,1
177,334.71929931640625,-181.27915954589844,0.1413557082414627,331.9900207519531,184.47003173828125,0.1032421886920929,1
178,334.71929931640625,-181.27915954589844,0.1413557082414627,331.9900207519531,184.47003173828125,0.1032421886920929,1
179,334.71929931640625,-181.27915954589844,0.1413557082414627,331.9900207519531,184.47003173828125,0.1032421886920929,1
180,334.71929931640625,-181.27915954589844,0.1413557082414627,331.9900207519531,184.47003173828125,0.1032421886920929,1
181,334.71929931640625,-181.27915954589844,0.1413557082414627,331.9900207519531,184.47003173828125,0.1032421886920929,1
182,334.71929931640625,-181.27915954589844,0.1413557082414627,331.9900207519531,184.47003173828125,0.1032421886920929,1
183,334.71929931640625,-181.27915954589844,0.1413557082414627,331.9900207519531,184.47003173828125,0.1032421886920929,1
184,334.71929931640625,-181.27915954589844,0.1413557082414627,331.9900207519531,184.47003173828125,0.1032421886920929,1
185,334.71929931640625,-181.27915954589844,0.1413557082414627,331.9900207519531,184.47003173828125,0.1032421886920929,1
186,334.71929931640625,-181.27915954589844,0.1413557082414627,331.9900207519531,184.47003173828125,0.1032421886920929,1
187,334.71929931640625,-181.27915954589844,0.1413557082414627,331.9900207519531,184.47003173828125,0.1032421886920929,1
188,334.71929931640625,-181.27915954589844,0.1413557082414627,331.9900207519531,184.47003173828125,0.1032421886920929,1
189,334.71929931640625,-181.27915954589844,0.1413557082414627,331.9900207519531,184.47003173828125,0.1032421886920929,1
190,334.71929931640625,-181.27915954589844,0.1413557082414627,331.9900207519531,184.47003173828125,0.1032421886920929,1
191,334.71929931640625,-181.27915954589844,0.1413557082414627,331.9900207519531,184.47003173828125,0.1032421886920929,1
192,334.71929931640625,-181.27915954589844,0.1413557082414627,331.9900207519531,184.47003173828125,0.1032421886920929,1
193,334.71929931640625,-181.27915954589844,0.1413557082414627,331.9900207519531,184.47003173828125,0.1032421886920929,1
194,334.71929931640625,-181.27915954589844,0.1413557082414627,331.9900207519531,184.47003173828125,0.1032421886920929,1
195,334.71929931640625,-181.27915954589844,0.1413557082414627,331.9900207519531,184.47003173828125,0.1032421886920929,1
196,334.71929931640625,-181.27915954589844,0.1413557082414627,331.9900207519531,184.47003173828125,0.1032421886920929,1
197,334.71929931640625,-181.27915954589844,0.1413557082414627,331.9900207519531,184.47003173828125,0.1032421886920929,1
198,334.71929931640625,-181.27915954589844,0.1413557082414627,331.9900207519531,184.47003173828125,0.1032421886920929,1
199,334.71929931640625,-181.27915954589844,0.1413557082414627,331.9900207519531,184.47003173828125,0.1032421886920929,1
200,334.71929931640625,-181.27915954589844,0.1413557082414627,331.9900207519531,184.47003173828125,0.1032421886920929,1
201,334.71929931640625,-181.27915954589844,0.1413557082414627,331.9900207519531,184.47003173828125,0.1032421886920929,1
202,334.71929931640625,-181.27915954589844,0.1413557082414627,331.9900207519531,184.47003173828125,0.1032421886920929,1
203,334.71929931640625,-181.27915954589844,0.1413557082414627,331.9900207519531,184.47003173828125,0.1032421886920929,1
204,334.71929931640625,-181.27915954589844,0.1413557082414627,331.9900207519531,184.47003173828125,0.1032421886920929,1
205,334.71929931640625,-181.27915954589844,0.1413557082414627,331.9900207519531,184.47003173828125,0.1032421886920929,1
206,334.71929931640625,-181.27915954589844,0.1413557082414627,331.9900207519531,184.47003173828125,0.1032421886920929,1
207,334.71929931640625,-181.27915954589844,0.1413557082414627,331.9900207519531,184.47003173828125,0.1032421886920929,1
208,334.71929931640625,-181.27915954589844,0.1413557082414627,331.9900207519531,184.47003173828125,0.1032421886920929,1
209,334.71929931640625,-181.27915954589844,0.1413557082414627,331.9900207519531,184.47003173828125,0.1032421886920929,1
210,334.71929931640625,-181.27915954589844,0.1413557082414627,331.9900207519531,184.47003173828125,0.1032421886920929,1
211,334.71929931640625,-181.27915954589844,0.1413557082414627,331.9900207519531,184.47003173828125,0.1032421886920929,1
212,334.71929931640625,-181.27915954589844,0.1413557082414627,331.9900207519531,184.47003173828125,0.1032421886920929,1
213,334.71929931640625,-181.27915954589844,0.1413557082414627,331.9900207519531,184.47003173828125,0.1032421886920929,1
214,334.71929931640625,-181.27915954589844,0.1413557082414627,331.9900207519531,184.47003173828125,0.1032421886920929,1
215,334.71929931640625,-181.27915954589844,0.1413557082414627,331.9900207519531,184.47003173828125,0.1032421886920929,1
216,334.71929931640625,-181.27915954589844,0.1413557082414627,331.9900207519531,184.47003173828125,0.1032421886920929,1
217,334.71929931640625,-181.27915954589844,0.1413557082414627,331.9900207519531,184.47003173828125,0.1032421886920929,1
218,334.71929931640625,-181.27915954589844,0.1413557082414627,331.9900207519531,184.47003173828125,0.1032421886920929,1
219,334.71929931640625,-181.27915954589844,0.1413557082414627,331.9900207519531,184.47003173828125,0.1032421886920929,1
220,334.71929931640625,-181.27915954589844,0.1413557082414627,331.9900207519531,184.47003173828125,0.1032421886920929,1
221,334.71929931640625,-181.27915954589844,0.1413557082414627,331.9900207519531,184.47003173828125,0.1032421886920929,1
222,334.71929931640625,-181.27915954589844,0.1413557082414627,331.9900207519531,184.47003173828125,0.1032421886920929,1
223,334.71929931640625,-181.27915954589844,0.1413557082414627,331.9900207519531,184.47003173828125,0.1032421886920929,1
224,334.71929931640625,-181.27915954589844,0.1413557082414627,331.9900207519531,184.47003173828125,0.1032421886920929,1
225,334.71929931640625,-181.27915954589844,0.1413557082414627,331.9900207519531,184.47003173828125,0.1032421886920929,1
226,334.71929931640625,-181.27915954589844,0.1413557082414627,331.9900207519531,184.47003173828125,0.1032421886920929,1
227,334.71929931640625,-181.27915954589844,0.1413557082414627,331.9900207519531,184.47003173828125,0.1032421886920929,1
228,334.71929931640625,-181.27915954589844,0.1413557082414627,331.9900207519531,184.47003173828125,0.1032421886920929,1
229,334.71929931640625,-181.27915954589844,0.1413557082414627,331.9900207519531,184.47003173828125,0.1032421886920929,1
230,334.71929931640625,-181.27915954589844,0.1413557082414627,331.9900207519531,184.47003173828125,0.1032421886920929,1
231,334.71929931640625,-181.27915954589844,0.1413557082414627,331.9900207519531,184.47003173828125,0.1032421886920929,1
232,334.71929931640625,-181.27915954589844,0.1413557082414627,331.9900207519531,184.47003173828125,0.1032421886920929,1
233,334.71929931640625,-181.27915954589844,0.1413557082414627,331.9900207519531,184.47003173828125,0.1032421886920929,1
234,334.71929931640625,-181.27915954589844,0.1413557082414627,331.9900207519531,184.47003173828125,0.1032421886920929,1
235,334.71929931640625,-181.27915954589844,0.1413557082414627,331.9900207519531,184.47003173828125,0.1032421886920929,1
236,334.71929931640625,-181.27915954589844,0.1413557082414627,331.9900207519531,184.47003173828125,0.1032421886920929,1
237,334.71929931640625,-181.27915954589844,0.1413557082414627,331.9900207519531,184.47003173828125,0.1032421886920929,1
238,334.71929931640625,-181.27915954589844,0.1413557082414627,331.9900207519531,184.47003173828125,0.1032421886920929,1
239,334.71929931640625,-181.27915954589844,0.1413557082414627,331.9900207519531,184.47003173828125,0.1032421886920929,1
240,334.71929931640625,-181.27915954589844,0.1413557082414627,331.9900207519531,184.47003173828125,0.1032421886920929,1
241,334.71929931640625,-181.27915954589844,0.1413557082414627,331.9900207519531,184.47003173828125,0.1032421886920929,1
242,334.71929931640625,-181.27915954589844,0.1413557082414627,331.9900207519531,184.47003173828125,0.1032421886920929,1
243,334.71929931640625,-181.27915954589844,0.1413557082414627,331.9900207519531,184.47003173828125,0.1032421886920929,1
244,334.71929931640625,-181.27915954589844,0.1413557082414627,331.9900207519531,184.47003173828125,0.1032421886920929,1
245,334.71929931640625,-181.27915954589844,0.1413557082414627,331.9900207519531,184.47003173828125,0.1032421886920929,1
246,334.71929931640625,-181.27915954589844,0.1413557082414627,331.9900207519531,184.47003173828125,0.1032421886920929,1
247,334.71929931640625,-181.27915954589844,0.1413557082414627,331.9900207519531,184.47003173828125,0.1032421886920929,1
248,334.71929931640625,-181.27915954589844,0.1413557082414627,331.9900207519531,184.47003173828125,0.1032421886920929,1
249,334.71929931640625,-181.27915954589844,0.1413557082414627,331.9900207519531,184.47003173828125,0.1032421886920929,1
250,334.71929931640625,-181.27915954589844,0.1413557082414627,331.9900207519531,184.47003173828125,0.1032421886920929,1
251,334.71929931640625,-181.27915954589844,0.1413557082414627,331.9900207519531,184.47003173828125,0.1032421886920929,1
252,334.71929931640625,-181.27915954589844,0.1413557082414627,331.9900207519531,184.47003173828125,0.1032421886920929,1
253,334.71929931640625,-181.27915954589844,0.1413557082414627,331.9900207519531,184.47003173828125,0.1032421886920929,1
254,334.71929931640625,-181.27915954589844,0.1413557082414627,331.9900207519531,184.47003173828125,0.1032421886920929,1
255,334.71929931640625,-181.27915954589844,0.1413557082414627,331.9900207519531,184.47003173828125,0.1032421886920929,1
256,334.71929931640625,-181.27915954589844,0.1413557082414627,331.9900207519531,184.47003173828125,0.1032421886920929,1
257,334.71929931640625,-181.27915954589844,0.1413557082414627,331.9900207519531,184.47003173828125,0.1032421886920929,1
258,334.71929931640625,-181.27915954589844,0.1413557082414627,331.9900207519531,184.47003173828125,0.1032421886920929,1
259,334.71929931640625,-181.27915954589844,0.1413557082414627,331.9900207519531,184.47003173828125,0.1032421886920929,1
260,334.71929931640625,-181.27915954589844,0.1413557082414627,331.9900207519531,184.47003173828125,0.1032421886920929,1
261,334.71929931640625,-181.27915954589844,0.1413557082414627,331.9900207519531,184.47003173828125,0.1032421886920929,1
262,334.71929931640625,-181.27915954589844,0.1413557082414627,331.9900207519531,184.47003173828125,0.1032421886920929,1
263,334.71929931640625,-181.27915954589844,0.1413557082414627,331.9900207519531,184.47003173828125,0.1032421886920929,1
264,334.71929931640625,-181.27915954589844,0.1413557082414627,331.9900207519531,184.47003173828125,0.1032421886920929,1
265,334.71929931640625,-181.27915954589844,0.1413557082414627,331.9900207519531,184.47003173828125,0.1032421886920929,1
266,334.71929931640625,-181.27915954589844,0.1413557082414627,331.9900207519531,184.47003173828125,0.1032421886920929,1
267,334.71929931640625,-181.27915954589844,0.1413557082414627,331.9900207519531,184.47003173828125,0.1032421886920929,1
268,334.71929931640625,-181.27915954589844,0.1413557082414627,331.9900207519531,184.47003173828125,0.1032421886920929,1
269,334.71929931640625,-181.27915954589844,0.1413557082414627,331.9900207519531,184.47003173828125,0.1032421886920929,1
270,334.71929931640625,-181.27915954589844,0.1413557082414627,331.9900207519531,184.47003173828125,0.1032421886920929,1
271,334.71929931640625,-181.27915954589844,0.1413557082414627,331.9900207519531,184.47003173828125,0.1032421886920929,1
272,334.71929931640625,-181.27915954589844,0.1413557082414627,331.9900207519531,184.47003173828125,0.1032421886920929,1
273,334.71929931640625,-181.27915954589844,0.1413557082414627,331.9900207519531,184.47003173828125,0.1032421886920929,1
274,334.71929931640625,-181.27915954589844,0.1413557082414627,331.9900207519531,184.47003173828125,0.1032421886920929,1
275,334.71929931640625,-181.27915954589844,0.1413557082414627,331.9900207519531,184.47003173828125,0.1032421886920929,1
276,334.71929931640625,-181.27915954589844,0.1413557082414627,331.9900207519531,184.47003173828125,0.1032421886920929,1
277,334.71929931640625,-181.27915954589844,0.1413557082414627,331.9900207519531,184.47003173828125,0.1032421886920929,1
278,334.71929931640625,-181.27915954589844,0.1413557082414627,331.9900207519531,184.47003173828125,0.1032421886920929,1
279,334.71929931640625,-181.27915954589844,0.1413557082414627,331.9900207519531,184.47003173828125,0.1032421886920929,1
280,334.71929931640625,-181.27915954589844,0.1413557082414627,331.9900207519531,184.47003173828125,0.1032421886920929,1
281,334.71929931640625,-181.27915954589844,0.1413557082414627,331.9900207519531,184.47003173828125,0.1032421886920929,1
282,334.71929931640625,-181.27915954589844,0.1413557082414627,331.9900207519531,184.47003173828125,0.1032421886920929,1
283,334.71929931640625,-181.27915954589844,0.1413557082414627,331.9900207519531,184.47003173828125,0.1032421886920929,1
284,334.71929931640625,-181.27915954589844,0.1413557082414627,331.9900207519531,184.47003173828125,0.1032421886920929,1
285,334.71929931640625,-181.27915954589844,0.1413557082414627,331.9900207519531,184.47003173828125,0.1032421886920929,1
286,334.71929931640625,-181.27915954589844,0.1413557082414627,331.9900207519531,184.47003173828125,0.1032421886920929,1
287,334.71929931640625,-181.27915954589844,0.1413557082414627,331.9900207519531,184.47003173828125,0.1032421886920929,1
288,334.71929931640625,-181.27915954589844,0.1413557082414627,331.9900207519531,184.47003173828125,0.1032421886920929,1
289,334.71929931640625,-181.27915954589844,0.1413557082414627,331.9900207519531,184.47003173828125,0.1032421886920929,1
290,334.71929931640625,-181.27915954589844,0.1413557082414627,331.9900207519531,184.47003173828125,0.1032421886920929,1
291,334.71929931640625,-181.27915954589844,0.1413557082414627,331.9900207519531,184.47003173828125,0.1032421886920929,1
292,334.71929931640625,-181.27915954589844,0.1413557082414627,331.9900207519531,184.47003173828125,0.1032421886920929,1
293,334.71929931640625,-181.27915954589844,0.1413557082414627,331.9900207519531,184.47003173828125,0.1032421886920929,1
294,334.71929931640625,-181.27915954589844,0.1413557082414627,331.9900207519531,184.47003173828125,0.1032421886920929,1
295,334.71929931640625,-181.27915954589844,0.1413557082414627,331.9900207519531,184.47003173828125,0.1032421886920929,1
296,334.71929931640625,-181.27915954589844,0.1413557082414627,331.9900207519531,184.47003173828125,0.1032421886920929,1
297,334.71929931640625,-181.27915954589844,0.1413557082414627,331.9900207519531,184.47003173828125,0.1032421886920929,1
298,334.71929931640625,-181.27915954589844,0.1413557082414627,331.9900207519531,184.47003173828125,0.1032421886920929,1
299,334.71929931640625,-181.27915954589844,0.1413557082414627,331.9900207519531,184.47003173828125,0.1032421886920929,1
300,334.71929931640625,-181.27915954589844,0.1413557082414627,331.9900207519531,184.47003173828125,0.1032421886920929,1
301,334.71929931640625,-181.27915954589844,0.1413557082414627,331.9900207519531,184.47003173828125,0.1032421886920929,1
302,334.71929931640625,-181.27915954589844,0.1413557082414627,331.9900207519531,184.47003173828125,0.1032421886920929,1
303,334.71929931640625,-181.27915954589844,0.1413557082414627,331.9900207519531,184.47003173828125,0.1032421886920929,1
304,334.71929931640625,-181.27915954589844,0.1413557082414627,331.9900207519531,184.47003173828125,0.1032421886920929,1
305,334.71929931640625,-181.27915954589844,0.1413557082414627,331.9900207519531,184.47003173828125,0.1032421886920929,1
306,334.71929931640625,-181.27915954589844,0.1413557082414627,331.9900207519531,184.47003173828125,0.1032421886920929,1
307,334.71929931640625,-181.27915954589844,0.1413557082414627,331.9900207519531,184.47003173828125,0.1032421886920929,1
308,334.71929931640625,-181.27915954589844,0.1413557082414627,331.9900207519531,184.47003173828125,0.1032421886920929,1
309,334.71929931640625,-181.27915954589844,0.1413557082414627,331.9900207519531,184.47003173828125,0.1032421886920929,1
310,334.71929931640625,-181.27915954589844,0.1413557082414627,331.9900207519531,184.47003173828125,0.1032421886920929,1
311,334.71929931640625,-181.27915954589844,0.1413557082414627,331.9900207519531,184.47003173828125,0.1032421886920929,1
312,334.71929931640625,-181.27915954589844,0.1413557082414627,331.9900207519531,184.47003173828125,0.1032421886920929,1
313,334.71929931640625,-181.27915954589844,0.1413557082414627,331.9900207519531,184.47003173828125,0.1032421886920929,1
314,334.71929931640625,-181.27915954589844,0.1413557082414627,331.9900207519531,184.47003173828125,0.1032421886920929,1
315,334.71929931640625,-181.27915954589844,0.1413557082414627,331.9900207519531,184.47003173828125,0.1032421886920929,1
316,334.71929931640625,-181.27915954589844,0.1413557082414627,331.9900207519531,184.47003173828125,0.1032421886920929,1
317,334.71929931640625,-181.27915954589844,0.1413557082414627,331.9900207519531,184.47003173828125,0.1032421886920929,1
318,334.71929931640625,-181.27915954589844,0.1413557082414627,331.9900207519531,184.47003173828125,0.1032421886920929,1
319,334.71929931640625,-181.27915954589844,0.1413557082414627,331.9900207519531,184.47003173828125,0.1032421886920929,1
320,334.71929931640625,-181.27915954589844,0.1413557082414627,331.9900207519531,184.47003173828125,0.1032421886920929,1
321,334.71929931640625,-181.27915954589844,0.1413557082414627,331.9900207519531,184.47003173828125,0.1032421886920929,1
322,334.71929931640625,-181.27915954589844,0.1413557082414627,331.9900207519531,184.47003173828125,0.1032421886920929,1
323,334.71929931640625,-181.27915954589844,0.1413557082414627,331.9900207519531,184.47003173828125,0.1032421886920929,1
324,334.71929931640625,-181.27915954589844,0.1413557082414627,331.9900207519531,184.47003173828125,0.1032421886920929,1
325,334.71929931640625,-181.27915954589844,0.1413557082414627,331.9900207519531,184.47003173828125,0.1032421886920929,1
326,334.71929931640625,-181.27915954589844,0.1413557082414627,331.9900207519531,184.47003173828125,0.1032421886920929,1
327,334.71929931640625,-181.27915954589844,0.1413557082414627,331.9900207519531,184.47003173828125,0.1032421886920929,1
328,334.71929931640625,-181.27915954589844,0.1413557082414627,331.9900207519531,184.47003173828125,0.1032421886920929,1
329,334.71929931640625,-181.27915954589844,0.1413557082414627,331.9900207519531,184.47003173828125,0.1032421886920929,1
330,334.71929931640625,-181.27915954589844,0.1413557082414627,331.9900207519531,184.47003173828125,0.1032421886920929,1
331,334.71929931640625,-181.27915954589844,0.1413557082414627,331.9900207519531,184.47003173828125,0.1032421886920929,1
332,334.71929931640625,-181.27915954589844,0.1413557082414627,331.9900207519531,184.47003173828125,0.1032421886920929,1
333,334.71929931640625,-181.27915954589844,0.1413557082414627,331.9900207519531,184.47003173828125,0.1032421886920929,1
334,334.71929931640625,-181.27915954589844,0.1413557082414627,331.9900207519531,184.47003173828125,0.1032421886920929,1
335,334.71929931640625,-181.27915954589844,0.1413557082414627,331.9900207519531,184.47003173828125,0.1032421886920929,1
336,334.71929931640625,-181.27915954589844,0.1413557082414627,331.9900207519531,184.47003173828125,0.1032421886920929,1
337,334.71929931640625,-181.27915954589844,0.1413557082414627,331.9900207519531,184.47003173828125,0.1032421886920929,1
338,334.71929931640625,-181.27915954589844,0.1413557082414627,331.9900207519531,184.47003173828125,0.1032421886920929,1
339,334.71929931640625,-181.27915954589844,0.1413557082414627,331.9900207519531,184.47003173828125,0.1032421886920929,1
340,334.71929931640625,-181.27915954589844,0.1413557082414627,331.9900207519531,184.47003173828125,0.1032421886920929,1
341,334.71929931640625,-181.27915954589844,0.1413557082414627,331.9900207519531,184.47003173828125,0.1032421886920929,1
342,334.71929931640625,-181.27915954589844,0.1413557082414627,331.9900207519531,184.47003173828125,0.1032421886920929,1
343,334.71929931640625,-181.27915954589844,0.1413557082414627,331.9900207519531,184.47003173828125,0.1032421886920929,1
344,334.71929931640625,-181.27915954589844,0.1413557082414627,331.9900207519531,184.47003173828125,0.1032421886920929,1
345,334.71929931640625,-181.27915954589844,0.1413557082414627,331.9900207519531,184.47003173828125,0.1032421886920929,1
346,334.71929931640625,-181.27915954589844,0.1413557082414627,331.9900207519531,184.47003173828125,0.1032421886920929,1
347,334.71929931640625,-181.27915954589844,0.1413557082414627,331.9900207519531,184.47003173828125,0.1032421886920929,1
348,334.71929931640625,-181.27915954589844,0.1413557082414627,331.9900207519531,184.47003173828125,0.1032421886920929,1
349,334.71929931640625,-181.27915954589844,0.1413557082414627,331.9900207519531,184.47003173828125,0.1032421886920929,1
350,334.71929931640625,-181.27915954589844,0.1413557082414627,331.9900207519531,184.47003173828125,0.1032421886920929,1
351,334.71929931640625,-181.27915954589844,0.1413557082414627,331.9900207519531,184.47003173828125,0.1032421886920929,1
352,334.71929931640625,-181.27915954589844,0.1413557082414627,331.9900207519531,184.47003173828125,0.1032421886920929,1
353,334.71929931640625,-181.27915954589844,0.1413557082414627,331.9900207519531,184.47003173828125,0.1032421886920929,1
354,334.71929931640625,-181.27915954589844,0.1413557082414627,331.9900207519531,184.47003173828125,0.1032421886920929,1
355,334.71929931640625,-181.27915954589844,0.1413557082414627,331.9900207519531,184.47003173828125,0.1032421886920929,1
356,334.71929931640625,-181.27915954589844,0.1413557082414627,331.9900207519531,184.47003173828125,0.1032421886920929,1
357,334.71929931640625,-181.27915954589844,0.1413557082414627,331.9900207519531,184.47003173828125,0.1032421886920929,1
358,334.71929931640625,-181.27915954589844,0.1413557082414627,331.9900207519531,184.47003173828125,0.1032421886920929,1
359,334.71929931640625,-181.27915954589844,0.1413557082414627,331.9900207519531,184.47003173828125,0.1032421886920929,1
360,334.71929931640625,-181.27915954589844,0.1413557082414627,331.9900207519531,184.47003173828125,0.1032421886920929,1
361,334.71929931640625,-181.27915954589844,0.1413557082414627,331.9900207519531,184.47003173828125,0.1032421886920929,1
362,334.71929931640625,-181.27915954589844,0.1413557082414627,331.9900207519531,184.47003173828125,0.1032421886920929,1
363,334.71929931640625,-181.27915954589844,0.1413557082414627,331.9900207519531,184.47003173828125,0.1032421886920929,1
364,334.71929931640625,-181.27915954589844,0.1413557082414627,331.9900207519531,184.47003173828125,0.1032421886920929,1
365,334.71929931640625,-181.27915954589844,0.1413557082414627,331.9900207519531,184.47003173828125,0.1032421886920929,1
366,334.71929931640625,-181.27915954589844,0.1413557082414627,331.9900207519531,184.47003173828125,0.1032421886920929,1
367,334.71929931640625,-181.27915954589844,0.1413557082414627,331.9900207519531,184.47003173828125,0.1032421886920929,1
368,334.71929931640625,-181.27915954589844,0.1413557082414627,331.9900207519531,184.47003173828125,0.1032421886920929,1
369,334.71929931640625,-181.27915954589844,0.1413557082414627,331.9900207519531,184.47003173828125,0.1032421886920929,1
370,334.71929931640625,-181.27915954589844,0.1413557082414627,331.9900207519531,184.47003173828125,0.1032421886920929,1
371,334.71929931640625,-181.27915954589844,0.1413557082414627,331.9900207519531,184.47003173828125,0.1032421886920929,1
372,334.71929931640625,-181.27915954589844,0.1413557082414627,331.9900207519531,184.47003173828125,0.1032421886920929,1
373,334.71929931640625,-181.27915954589844,0.1413557082414627,331.9900207519531,184.47003173828125,0.1032421886920929,1
374,334.71929931640625,-181.27915954589844,0.1413557082414627,331.9900207519531,184.47003173828125,0.1032421886920929,1
375,334.71929931640625,-181.27915954589844,0.1413557082414627,331.9900207519531,184.47003173828125,0.1032421886920929,1
376,334.71929931640625,-181.27915954589844,0.1413557082414627,331.9900207519531,184.47003173828125,0.1032421886920929,1
377,334.71929931640625,-181.27915954589844,0.1413557082414627,331.9900207519531,184.47003173828125,0.1032421886920929,1
378,334.71929931640625,-181.27915954589844,0.1413557082414627,331.9900207519531,184.47003173828125,0.1032421886920929,1
379,334.71929931640625,-181.27915954589844,0.1413557082414627,331.9900207519531,184.47003173828125,0.1032421886920929,1
380,334.71929931640625,-181.27915954589844,0.1413557082414627,331.9900207519531,184.47003173828125,0.1032421886920929,1
381,334.71929931640625,-181.27915954589844,0.1413557082414627,331.9900207519531,184.47003173828125,0.1032421886920929,1
382,334.71929931640625,-181.27915954589844,0.1413557082414627,331.9900207519531,184.47003173828125,0.1032421886920929,1
383,334.71929931640625,-181.27915954589844,0.1413557082414627,331.9900207519531,184.47003173828125,0.1032421886920929,1
384,334.71929931640625,-181.27915954589844,0.1413557082414627,331.9900207519531,184.47003173828125,0.1032421886920929,1
385,334.71929931640625,-181.27915954589844,0.1413557082414627,331.9900207519531,184.47003173828125,0.1032421886920929,1
386,334.71929931640625,-181.27915954589844,0.1413557082414627,331.9900207519531,184.47003173828125,0.1032421886920929,1
387,334.71929931640625,-181.27915954589844,0.1413557082414627,331.9900207519531,184.47003173828125,0.1032421886920929,1
388,334.71929931640625,-181.27915954589844,0.1413557082414627,331.9900207519531,184.47003173828125,0.1032421886920929,1
389,334.71929931640625,-181.27915954589844,0.1413557082414627,331.9900207519531,184.47003173828125,0.1032421886920929,1
390,334.71929931640625,-181.27915954589844,0.1413557082414627,331.9900207519531,184.47003173828125,0.1032421886920929,1
391,334.71929931640625,-181.27915954589844,0.1413557082414627,331.9900207519531,184.47003173828125,0.1032421886920929,1
392,334.71929931640625,-181.27915954589844,0.1413557082414627,331.9900207519531,184.47003173828125,0.1032421886920929,1
393,334.71929931640625,-181.27915954589844,0.1413557082414627,331.9900207519531,184.47003173828125,0.1032421886920929,1
394,334.71929931640625,-181.27915954589844,0.1413557082414627,331.9900207519531,184.47003173828125,0.1032421886920929,1
395,334.71929931640625,-181.27915954589844,0.1413557082414627,331.9900207519531,184.47003173828125,0.1032421886920929,1
396,334.71929931640625,-181.27915954589844,0.1413557082414627,331.9900207519531,184.47003173828125,0.1032421886920929,1
397,334.71929931640625,-181.27915954589844,0.1413557082414627,331.9900207519531,184.47003173828125,0.1032421886920929,1
398,334.71929931640625,-181.27915954589844,0.1413557082414627,331.9900207519531,184.47003173828125,0.1032421886920929,1
399,334.71929931640625,-181.27915954589844,0.1413557082414627,331.9900207519531,184.47003173828125,0.1032421886920929,1
400,334.71929931640625,-181.27915954589844,0.1413557082414627,331.9900207519531,184.47003173828125,0.1032421886920929,1
401,334.71929931640625,-181.27915954589844,0.1413557082414627,331.9900207519531,184.47003173828125,0.1032421886920929,3
402,334.71929931640625,-181.2791748046875,0.1413563191890716,331.9900207519531,184.47003173828125,0.1032421886920929,3
403,334.7196350097656,-181.2865753173828,0.1413042396306991,331.9900207519531,184.47003173828125,0.1032421886920929,3
404,334.7210388183594,-181.31202697753903,0.1411931216716766,331.9900207519531,184.47003173828125,0.1032421886920929,3
405,334.7235717773437,-181.3591766357422,0.1411292552947998,331.9900207519531,184.47003173828125,0.1032421886920929,3
406,334.7267761230469,-181.42071533203125,0.1411275863647461,331.9900207519531,184.47003173828125,0.1032421886920929,3
407,334.73101806640625,-181.49728393554688,0.1411344110965728,331.9900207519531,184.47003173828125,0.1032421886920929,3
408,334.7361755371094,-181.5919952392578,0.1411018669605255,331.9900207519531,184.47003173828125,0.1032421886920929,3
409,334.74237060546875,-181.70448303222656,0.1411061882972717,331.9900207519531,184.47003173828125,0.1032421886920929,3
410,334.7493591308594,-181.8295440673828,0.1411402076482772,331.9900207519531,184.47003173828125,0.1032421886920929,3
411,334.7569885253906,-181.9683380126953,0.1411399096250534,331.9900207519531,184.47003173828125,0.1032421886920929,3
412,334.7656555175781,-182.1210174560547,0.1411481499671936,331.9900207519531,184.47003173828125,0.1032421886920929,3
413,334.775390625,-182.2866973876953,0.141153946518898,331.9900207519531,184.47003173828125,0.1032421886920929,3
414,334.7864074707031,-182.46568298339844,0.1411560028791427,331.9900207519531,184.47003173828125,0.1032421886920929,3
415,334.7987365722656,-182.6574249267578,0.1411602795124054,331.9900207519531,184.47003173828125,0.1032421886920929,3
416,334.80474853515625,-182.8616943359375,0.1411675661802292,331.9900207519531,184.47003173828125,0.1032421886920929,3
417,334.8070983886719,-183.07823181152344,0.1411714553833007,331.9900207519531,184.47003173828125,0.1032421886920929,3
418,334.8124084472656,-183.30699157714844,0.1411724090576172,331.9900207519531,184.47003173828125,0.1032421886920929,3
419,334.8185729980469,-183.54774475097656,0.1411751210689544,331.9900207519531,184.47003173828125,0.1032421886920929,3
420,334.82470703125,-183.80010986328125,0.1411792784929275,331.9900207519531,184.47003173828125,0.1032421886920929,3
421,334.8304138183594,-184.0636749267578,0.1411841958761215,331.9900207519531,184.47003173828125,0.1032421886920929,3
422,334.8357238769531,-184.33816528320312,0.1411885768175125,331.9900207519531,184.47003173828125,0.1032421886920929,3
423,334.8404541015625,-184.6236267089844,0.1411902904510498,331.9900207519531,184.47003173828125,0.1032421886920929,3
424,334.8445129394531,-184.92051696777344,0.1411887258291244,331.9900207519531,184.47003173828125,0.1032421886920929,3
425,334.8477783203125,-185.2292022705078,0.1411847323179245,331.9900207519531,184.47003173828125,0.1032421886920929,3
426,334.85015869140625,-185.55023193359372,0.1411788463592529,331.9900207519531,184.47003173828125,0.1032421886920929,3
427,334.8515014648437,-185.8842315673828,0.1411716043949127,-10000000,-10000000,-10000000,-1
428,334.8517761230469,-186.2317657470703,0.1411632448434829,-10000000,-10000000,-10000000,-1
429,334.8508605957031,-186.5936279296875,0.141153797507286,-10000000,-10000000,-10000000,-1
430,334.8484802246094,-186.97036743164065,0.1411447525024414,-10000000,-10000000,-10000000,-1
431,334.8446044921875,-187.36231994628903,0.1411367058753967,-10000000,-10000000,-10000000,-1
432,334.8392028808594,-187.7707061767578,0.1411248296499252,-10000000,-10000000,-10000000,-1
433,334.8318786621094,-188.1964263916016,0.1411115229129791,-10000000,-10000000,-10000000,-1
434,334.8122863769531,-188.6363220214844,0.1411348730325698,-10000000,-10000000,-10000000,-1
435,334.76397705078125,-189.07485961914065,0.1412523686885833,-10000000,-10000000,-10000000,-1
436,334.7024841308594,-189.50958251953125,0.1412929892539978,-10000000,-10000000,-10000000,-1
437,334.6434020996094,-189.9528045654297,0.1412728875875473,-10000000,-10000000,-10000000,-1
438,334.57373046875,-190.40208435058597,0.1412684172391891,-10000000,-10000000,-10000000,-1
439,334.4861145019531,-190.85205078125,0.1412884145975113,-10000000,-10000000,-10000000,-1
440,334.372802734375,-191.2994537353516,0.1413087844848632,-10000000,-10000000,-10000000,-1
441,334.2270202636719,-191.74127197265625,0.1413278877735138,-10000000,-10000000,-10000000,-1
442,334.0464782714844,-192.17425537109372,0.1413461714982986,-10000000,-10000000,-10000000,-1
443,333.8309631347656,-192.5948028564453,0.1413698196411132,-10000000,-10000000,-10000000,-1
444,333.58062744140625,-192.9982452392578,0.1414006799459457,-10000000,-10000000,-10000000,-1
445,333.2978515625,-193.37954711914065,0.1414383649826049,-10000000,-10000000,-10000000,-1
446,332.98504638671875,-193.73440551757807,0.1414747983217239,-10000000,-10000000,-10000000,-1
447,332.64599609375,-194.06224060058597,0.1414930373430252,-10000000,-10000000,-10000000,-1
448,332.2834167480469,-194.3601837158203,0.1415131688117981,-10000000,-10000000,-10000000,-1
449,331.9007873535156,-194.62838745117188,0.1415173709392547,-10000000,-10000000,-10000000,-1
450,331.5005798339844,-194.8659210205078,0.1415201127529144,-10000000,-10000000,-10000000,-1
451,331.0853881835937,-195.07374572753903,0.1415119469165802,-10000000,-10000000,-10000000,-1
452,330.65753173828125,-195.251220703125,0.1415069550275802,-10000000,-10000000,-10000000,-1
453,330.2190856933594,-195.3996124267578,0.1414936780929565,-10000000,-10000000,-10000000,-1
454,329.7716979980469,-195.5182647705078,0.1414845585823059,-10000000,-10000000,-10000000,-1
455,329.3170166015625,-195.60845947265625,0.1414700299501419,-10000000,-10000000,-10000000,-1
456,328.8567810058594,-195.6695098876953,0.1414619088172912,-10000000,-10000000,-10000000,-1
457,328.3926086425781,-195.70230102539065,0.1414511501789093,-10000000,-10000000,-10000000,-1
458,327.92645263671875,-195.7062225341797,0.1414467245340347,-10000000,-10000000,-10000000,-1
459,327.45361328125,-195.71701049804688,0.1413550972938537,-10000000,-10000000,-10000000,-1
460,326.9818725585937,-195.7975006103516,0.141326367855072,-10000000,-10000000,-10000000,-1
461,326.5032653808594,-195.89903259277344,0.1412521004676818,-10000000,-10000000,-10000000,-1
462,326.0064697265625,-195.9439239501953,0.1413121819496154,-10000000,-10000000,-10000000,-1
463,325.49920654296875,-195.9611358642578,0.1415938884019851,-10000000,-10000000,-10000000,-1
464,324.9924011230469,-195.9663848876953,0.1415864527225494,-10000000,-10000000,-10000000,-1
465,324.47723388671875,-195.9590606689453,0.1414971947669983,-10000000,-10000000,-10000000,-1
466,323.96392822265625,-195.94192504882807,0.1415610909461975,-10000000,-10000000,-10000000,-1
467,323.4569702148437,-195.91500854492188,0.141580194234848,-10000000,-10000000,-10000000,-1
468,322.9525756835937,-195.87892150878903,0.1415654271841049,-10000000,-10000000,-10000000,-1
469,322.4475402832031,-195.8348846435547,0.1415370553731918,-10000000,-10000000,-10000000,-1
470,321.9395446777344,-195.78411865234372,0.1415064185857772,-10000000,-10000000,-10000000,-1
471,321.42694091796875,-195.7278594970703,0.1414792984724044,-10000000,-10000000,-10000000,-1
472,320.9086303710937,-195.66722106933597,0.1414574831724167,-10000000,-10000000,-10000000,-1
473,320.3839111328125,-195.60333251953125,0.1414411962032318,-10000000,-10000000,-10000000,-1
474,319.85260009765625,-195.5352935791016,0.1414303928613662,-10000000,-10000000,-10000000,-1
475,319.3140869140625,-195.46652221679688,0.1414225399494171,-10000000,-10000000,-10000000,-1
476,318.7681884765625,-195.39865112304688,0.1414181888103485,-10000000,-10000000,-10000000,-1
477,318.2149353027344,-195.33177185058597,0.1414162069559097,-10000000,-10000000,-10000000,-1
478,317.6544189453125,-195.26611328125,0.1414157003164291,-10000000,-10000000,-10000000,-1
479,317.0868225097656,-195.201171875,0.1414162069559097,-10000000,-10000000,-10000000,-1
480,316.5124816894531,-195.1351776123047,0.1414171606302261,-10000000,-10000000,-10000000,-1
481,315.9310913085937,-195.08010864257807,0.1414269208908081,-10000000,-10000000,-10000000,-1
482,315.3444519042969,-195.05470275878903,0.1414565593004226,-10000000,-10000000,-10000000,-1
483,314.751953125,-195.04095458984372,0.1414436250925064,-10000000,-10000000,-10000000,-1
484,314.15252685546875,-195.02476501464844,0.1414363384246826,-10000000,-10000000,-10000000,-1
485,313.5468139648437,-195.01271057128903,0.141433909535408,-10000000,-10000000,-10000000,-1
486,312.93511962890625,-195.0061492919922,0.1414336413145065,-10000000,-10000000,-10000000,-1
487,312.3175048828125,-195.0050201416016,0.1414342522621154,-10000000,-10000000,-10000000,-1
488,311.6941833496094,-195.00894165039065,0.1414352357387542,-10000000,-10000000,-10000000,-1
489,311.0653991699219,-195.01751708984372,0.1414365023374557,-10000000,-10000000,-10000000,-1
490,310.43121337890625,-195.0301971435547,0.1414380669593811,-10000000,-10000000,-10000000,-1
491,309.7917785644531,-195.0464630126953,0.1414397060871124,-10000000,-10000000,-10000000,-1
492,309.1473083496094,-195.0660095214844,0.1414414942264557,-10000000,-10000000,-10000000,-1
493,308.4978332519531,-195.0884552001953,0.141443133354187,-10000000,-10000000,-10000000,-1
494,307.8436584472656,-195.1136932373047,0.1414451152086258,-10000000,-10000000,-10000000,-1
495,307.1848449707031,-195.14183044433597,0.1414469480514526,-10000000,-10000000,-10000000,-1
496,306.52154541015625,-195.173095703125,0.1414488554000854,-10000000,-10000000,-10000000,-1
497,305.8541259765625,-195.1925811767578,0.1414571702480316,-10000000,-10000000,-10000000,-1
498,305.185546875,-195.1809539794922,0.1414877623319625,-10000000,-10000000,-10000000,-1
499,304.5143737792969,-195.15480041503903,0.1414753645658493,-10000000,-10000000,-10000000,-1
500,303.83905029296875,-195.14788818359372,0.1414756029844284,-10000000,-10000000,-10000000,-1
501,303.1636962890625,-195.1737518310547,0.1415015012025833,-10000000,-10000000,-10000000,-1
502,302.4870300292969,-195.2080078125,0.1414931416511535,-10000000,-10000000,-10000000,-1
503,301.8099670410156,-195.2018585205078,0.1415176689624786,-10000000,-10000000,-10000000,-1
504,301.13140869140625,-195.17828369140625,0.1414964646100998,-10000000,-10000000,-10000000,-1
505,300.44830322265625,-195.15841674804688,0.1414812505245208,-10000000,-10000000,-10000000,-1
506,299.76129150390625,-195.1356658935547,0.1414732336997985,-10000000,-10000000,-10000000,-1
507,299.0710144042969,-195.12429809570312,0.1414749920368194,-10000000,-10000000,-10000000,-1
508,298.3806457519531,-195.14483642578125,0.1415029913187027,-10000000,-10000000,-10000000,-1
509,297.68878173828125,-195.1810302734375,0.1414889544248581,-10000000,-10000000,-10000000,-1
510,296.9930725097656,-195.197998046875,0.1414868831634521,-10000000,-10000000,-10000000,-1
511,296.29754638671875,-195.1815185546875,0.1415121108293533,-10000000,-10000000,-10000000,-1
512,295.6007080078125,-195.1488037109375,0.1414946019649505,-10000000,-10000000,-10000000,-1
513,294.9002380371094,-195.1353302001953,0.1414915025234222,-10000000,-10000000,-10000000,-1
